<ImportExportXml version="9.0.0001.0510" SolutionPackageVersion="9.0" languagecode="1033" generatedBy="CrmLive" xmlns:xsi="http://www.w3.org/2001/XMLSchema-instance">
  <SolutionManifest>
    <UniqueName>dnb_Optimizer</UniqueName>
    <LocalizedNames>
      <LocalizedName description="D&amp;B Optimizer" languagecode="1033" />
    </LocalizedNames>
    <Descriptions>
      <Description description="Upgrade of D&amp;B Optimizer" languagecode="1033" />
    </Descriptions>
    <Version>1.1.0.0</Version>
    <Managed>1</Managed>
    <Publisher>
      <UniqueName>dunbradstreet</UniqueName>
      <LocalizedNames>
        <LocalizedName description="Dun &amp; Bradstreet" languagecode="1033" />
      </LocalizedNames>
      <Descriptions />
      <EMailAddress xsi:nil="true"></EMailAddress>
      <SupportingWebsiteUrl xsi:nil="true"></SupportingWebsiteUrl>
      <CustomizationPrefix>dnb</CustomizationPrefix>
      <CustomizationOptionValuePrefix>11914</CustomizationOptionValuePrefix>
      <Addresses>
        <Address>
          <AddressNumber>1</AddressNumber>
          <AddressTypeCode>1</AddressTypeCode>
          <City xsi:nil="true"></City>
          <County xsi:nil="true"></County>
          <Country xsi:nil="true"></Country>
          <Fax xsi:nil="true"></Fax>
          <FreightTermsCode xsi:nil="true"></FreightTermsCode>
          <ImportSequenceNumber xsi:nil="true"></ImportSequenceNumber>
          <Latitude xsi:nil="true"></Latitude>
          <Line1 xsi:nil="true"></Line1>
          <Line2 xsi:nil="true"></Line2>
          <Line3 xsi:nil="true"></Line3>
          <Longitude xsi:nil="true"></Longitude>
          <Name xsi:nil="true"></Name>
          <PostalCode xsi:nil="true"></PostalCode>
          <PostOfficeBox xsi:nil="true"></PostOfficeBox>
          <PrimaryContactName xsi:nil="true"></PrimaryContactName>
          <ShippingMethodCode>1</ShippingMethodCode>
          <StateOrProvince xsi:nil="true"></StateOrProvince>
          <Telephone1 xsi:nil="true"></Telephone1>
          <Telephone2 xsi:nil="true"></Telephone2>
          <Telephone3 xsi:nil="true"></Telephone3>
          <TimeZoneRuleVersionNumber xsi:nil="true"></TimeZoneRuleVersionNumber>
          <UPSZone xsi:nil="true"></UPSZone>
          <UTCOffset xsi:nil="true"></UTCOffset>
          <UTCConversionTimeZoneCode xsi:nil="true"></UTCConversionTimeZoneCode>
        </Address>
        <Address>
          <AddressNumber>2</AddressNumber>
          <AddressTypeCode>1</AddressTypeCode>
          <City xsi:nil="true"></City>
          <County xsi:nil="true"></County>
          <Country xsi:nil="true"></Country>
          <Fax xsi:nil="true"></Fax>
          <FreightTermsCode xsi:nil="true"></FreightTermsCode>
          <ImportSequenceNumber xsi:nil="true"></ImportSequenceNumber>
          <Latitude xsi:nil="true"></Latitude>
          <Line1 xsi:nil="true"></Line1>
          <Line2 xsi:nil="true"></Line2>
          <Line3 xsi:nil="true"></Line3>
          <Longitude xsi:nil="true"></Longitude>
          <Name xsi:nil="true"></Name>
          <PostalCode xsi:nil="true"></PostalCode>
          <PostOfficeBox xsi:nil="true"></PostOfficeBox>
          <PrimaryContactName xsi:nil="true"></PrimaryContactName>
          <ShippingMethodCode>1</ShippingMethodCode>
          <StateOrProvince xsi:nil="true"></StateOrProvince>
          <Telephone1 xsi:nil="true"></Telephone1>
          <Telephone2 xsi:nil="true"></Telephone2>
          <Telephone3 xsi:nil="true"></Telephone3>
          <TimeZoneRuleVersionNumber xsi:nil="true"></TimeZoneRuleVersionNumber>
          <UPSZone xsi:nil="true"></UPSZone>
          <UTCOffset xsi:nil="true"></UTCOffset>
          <UTCConversionTimeZoneCode xsi:nil="true"></UTCConversionTimeZoneCode>
        </Address>
      </Addresses>
    </Publisher>
    <RootComponents>
      <RootComponent type="1" schemaName="account" behavior="0" />
      <RootComponent type="1" schemaName="dnb_businessprofile" behavior="0" />
      <RootComponent type="1" schemaName="dnb_dbmatchwatermark" behavior="0" />
      <RootComponent type="1" schemaName="dnb_dboptimizerstatus" behavior="0" />
      <RootComponent type="1" schemaName="dnb_matchgrade" behavior="0" />
      <RootComponent type="60" id="{15915835-b87c-49ec-9ffc-bfac3ac44ef1}" behavior="0" />
      <RootComponent type="60" id="{3fce350c-c0e6-4acc-8cd8-5e32e8cf8a02}" behavior="0" />
      <RootComponent type="60" id="{41bac441-e1ca-40e7-ae19-3cd95e697f06}" behavior="0" />
      <RootComponent type="60" id="{462664f1-852e-41b9-9557-0d57d033eddb}" behavior="0" />
      <RootComponent type="60" id="{8448b78f-8f42-454e-8e2a-f8196b0419af}" behavior="0" />
      <RootComponent type="61" schemaName="dnb_BusinessProfileViewer" behavior="0" />
      <RootComponent type="61" schemaName="dnb_mcs_CrmCommonJS" behavior="0" />
      <RootComponent type="61" schemaName="dnb_mcs_MCSStyles.css" behavior="0" />
      <RootComponent type="61" schemaName="dnb_mcs_SDK.MetaData" behavior="0" />
      <RootComponent type="61" schemaName="dnb_OptimizerLogo" behavior="0" />
      <RootComponent type="61" schemaName="dnb_WebAPISDK" behavior="0" />
    </RootComponents>
    <MissingDependencies>
      <MissingDependency>
        <Required key="0" type="1" schemaName="incident" displayName="Case" solution="msdynce_Service (9.0.5.7)" />
        <Dependent key="1" type="60" displayName="Account" parentDisplayName="Account" id="{8448b78f-8f42-454e-8e2a-f8196b0419af}" />
      </MissingDependency>
      <MissingDependency>
        <Required key="2" type="1" schemaName="entitlement" displayName="Entitlement" solution="msdynce_Service (9.0.5.7)" />
        <Dependent key="1" type="60" displayName="Account" parentDisplayName="Account" id="{8448b78f-8f42-454e-8e2a-f8196b0419af}" />
      </MissingDependency>
      <MissingDependency>
        <Required key="3" type="1" schemaName="opportunity" displayName="Opportunity" solution="msdynce_Sales (9.0.4.7)" />
        <Dependent key="1" type="60" displayName="Account" parentDisplayName="Account" id="{8448b78f-8f42-454e-8e2a-f8196b0419af}" />
      </MissingDependency>
      <MissingDependency>
        <Required key="4" type="2" schemaName="defaultpricelevelid" displayName="Price List" parentSchemaName="account" parentDisplayName="Account" solution="msdynce_ProductManagement (9.0.4.10)" />
        <Dependent key="5" type="60" displayName="Information" parentDisplayName="Account" id="{b053a39a-041a-4356-acef-ddf00182762b}" />
      </MissingDependency>
      <MissingDependency>
        <Required key="6" type="2" schemaName="territoryid" displayName="Territory" parentSchemaName="account" parentDisplayName="Account" solution="msdynce_Sales (9.0.4.7)" />
        <Dependent key="5" type="60" displayName="Information" parentDisplayName="Account" id="{b053a39a-041a-4356-acef-ddf00182762b}" />
      </MissingDependency>
      <MissingDependency>
        <Required key="7" type="2" schemaName="preferredserviceid" displayName="Preferred Service" parentSchemaName="account" parentDisplayName="Account" solution="msdynce_Service (9.0.5.7)" />
        <Dependent key="5" type="60" displayName="Information" parentDisplayName="Account" id="{b053a39a-041a-4356-acef-ddf00182762b}" />
      </MissingDependency>
      <MissingDependency>
        <Required key="8" type="2" schemaName="originatingleadid" displayName="Originating Lead" parentSchemaName="account" parentDisplayName="Account" solution="msdynce_LeadManagement (9.0.4.10)" />
        <Dependent key="5" type="60" displayName="Information" parentDisplayName="Account" id="{b053a39a-041a-4356-acef-ddf00182762b}" />
      </MissingDependency>
      <MissingDependency>
        <Required key="8" type="2" schemaName="originatingleadid" displayName="Originating Lead" parentSchemaName="account" parentDisplayName="Account" solution="msdynce_LeadManagement (9.0.4.10)" />
        <Dependent key="1" type="60" displayName="Account" parentDisplayName="Account" id="{8448b78f-8f42-454e-8e2a-f8196b0419af}" />
      </MissingDependency>
      <MissingDependency>
        <Required key="9" type="2" schemaName="preferredequipmentid" displayName="Preferred Facility/Equipment" parentSchemaName="account" parentDisplayName="Account" solution="msdynce_Service (9.0.5.7)" />
        <Dependent key="5" type="60" displayName="Information" parentDisplayName="Account" id="{b053a39a-041a-4356-acef-ddf00182762b}" />
      </MissingDependency>
      <MissingDependency>
        <Required key="10" type="26" schemaName="Account Entitlements" displayName="Account Entitlements" parentSchemaName="entitlement" parentDisplayName="Entitlement" solution="msdynce_Service (9.0.5.7)" id="{961bf8aa-042f-4f4d-bcca-935bfc9a6994}" />
        <Dependent key="1" type="60" displayName="Account" parentDisplayName="Account" id="{8448b78f-8f42-454e-8e2a-f8196b0419af}" />
      </MissingDependency>
      <MissingDependency>
        <Required key="11" type="26" schemaName="All Accounts" displayName="All Accounts" parentSchemaName="account" parentDisplayName="Account" solution="msdynce_AppCommon (9.0.4.10)" id="{65ffaf9a-e8c5-432d-860b-32f841b00d87}" />
        <Dependent key="12" type="60" displayName="Accounts Dashboard" parentDisplayName="Account" id="{15915835-b87c-49ec-9ffc-bfac3ac44ef1}" />
      </MissingDependency>
      <MissingDependency>
        <Required key="13" type="26" schemaName="My Open Opportunities" displayName="My Open Opportunities" parentSchemaName="opportunity" parentDisplayName="Opportunity" solution="msdynce_Sales (9.0.4.7)" id="{00000000-0000-0000-00aa-000010003000}" />
        <Dependent key="1" type="60" displayName="Account" parentDisplayName="Account" id="{8448b78f-8f42-454e-8e2a-f8196b0419af}" />
      </MissingDependency>
      <MissingDependency>
        <Required key="14" type="26" schemaName="Recent Opportunities" displayName="Recent Opportunities" parentSchemaName="opportunity" parentDisplayName="Opportunity" solution="msdynce_Sales (9.0.4.7)" id="{9c3f7ee8-eca7-e211-9fb6-00155dd0ea05}" />
        <Dependent key="1" type="60" displayName="Account" parentDisplayName="Account" id="{8448b78f-8f42-454e-8e2a-f8196b0419af}" />
      </MissingDependency>
      <MissingDependency>
        <Required key="15" type="26" schemaName="All Cases for Customer" displayName="All Cases for Customer" parentSchemaName="incident" parentDisplayName="Case" solution="msdynce_Service (9.0.5.7)" id="{00000000-0000-0000-00aa-000010001039}" />
        <Dependent key="1" type="60" displayName="Account" parentDisplayName="Account" id="{8448b78f-8f42-454e-8e2a-f8196b0419af}" />
      </MissingDependency>
      <MissingDependency>
        <Required key="16" type="26" schemaName="Active Services" displayName="Active Services" parentSchemaName="service" parentDisplayName="Service" solution="msdynce_Service (9.0.5.7)" id="{2bd4de5e-a7b4-4f5d-8fde-eb3b62d8e2b2}" />
        <Dependent key="5" type="60" displayName="Information" parentDisplayName="Account" id="{b053a39a-041a-4356-acef-ddf00182762b}" />
      </MissingDependency>
      <MissingDependency>
        <Required key="17" type="59" schemaName="Top Customers" displayName="Top Customers" parentSchemaName="opportunity" parentDisplayName="Opportunity" solution="msdynce_Sales (9.0.4.7)" id="{8bc5fb18-48f2-4782-9e16-3d452fa4ddce}" />
        <Dependent key="1" type="60" displayName="Account" parentDisplayName="Account" id="{8448b78f-8f42-454e-8e2a-f8196b0419af}" />
      </MissingDependency>
      <MissingDependency>
        <Required key="18" type="60" displayName="account contact card" parentDisplayName="Contact" solution="msdynce_AppCommon (9.0.4.10)" id="{29de27bc-a257-4f29-99cf-bab4a84e688f}" />
        <Dependent key="1" type="60" displayName="Account" parentDisplayName="Account" id="{8448b78f-8f42-454e-8e2a-f8196b0419af}" />
      </MissingDependency>
      <MissingDependency>
        <Required key="12" type="60" displayName="Accounts Dashboard" parentDisplayName="Account" solution="msdynce_Service (9.0.5.7)" id="{15915835-b87c-49ec-9ffc-bfac3ac44ef1}" />
        <Dependent key="12" type="60" displayName="Accounts Dashboard" parentDisplayName="Account" id="{15915835-b87c-49ec-9ffc-bfac3ac44ef1}" />
      </MissingDependency>
      <MissingDependency>
        <Required key="1" type="60" displayName="Account" parentDisplayName="Account" solution="msdynce_AppCommon (9.0.4.10)" id="{8448b78f-8f42-454e-8e2a-f8196b0419af}" />
        <Dependent key="1" type="60" displayName="Account" parentDisplayName="Account" id="{8448b78f-8f42-454e-8e2a-f8196b0419af}" />
      </MissingDependency>
      <MissingDependency>
        <Required key="5" type="60" displayName="Information" parentDisplayName="Account" solution="msdynce_AppCommon (9.0.4.10)" id="{b053a39a-041a-4356-acef-ddf00182762b}" />
        <Dependent key="5" type="60" displayName="Information" parentDisplayName="Account" id="{b053a39a-041a-4356-acef-ddf00182762b}" />
      </MissingDependency>
      <MissingDependency>
        <Required key="19" type="61" schemaName="AppCommon/Account/Account_main_system_library.js" displayName="AppCommon/Account/Account_main_system_library.js" solution="msdynce_AppCommon (9.0.4.10)" />
        <Dependent key="5" type="60" displayName="Information" parentDisplayName="Account" id="{b053a39a-041a-4356-acef-ddf00182762b}" />
      </MissingDependency>
      <MissingDependency>
        <Required key="20" type="61" schemaName="msdyn_/RecordWall.htm" displayName="msdyn_/RecordWall.htm" solution="ActivityFeedsCore (9.0.0.0)" />
        <Dependent key="5" type="60" displayName="Information" parentDisplayName="Account" id="{b053a39a-041a-4356-acef-ddf00182762b}" />
      </MissingDependency>
      <MissingDependency>
        <Required key="21" type="61" schemaName="msdyn_/ActivityFeeds.Form.js" displayName="msdyn_/ActivityFeeds.Form.js" solution="ActivityFeedsCore (9.0.0.0)" />
        <Dependent key="5" type="60" displayName="Information" parentDisplayName="Account" id="{b053a39a-041a-4356-acef-ddf00182762b}" />
      </MissingDependency>
    </MissingDependencies>
  </SolutionManifest>
</ImportExportXml>